it,2,8,9,4,10,11,5,12,13,7,14,15
1,35.49,15.76,30.77,44.29,31.64,30.2,45.38,42.84,14.8,36.16,38.23,-36.53
2,-51.43,98.31,84.39,70.25,-6.167,-89.51,36.54,-0.9855,-91.54,-70.47,-70.09,-36.69
3,-50.95,143.3,107.9,94.15,24.64,-84.93,82.46,28.44,-91.15,-72.12,-69.75,-36.94
4,-50.17,163.1,107.7,94.41,97.45,-67.27,103.7,97.76,-81.14,-68.75,-65.26,-37.52
5,-48.81,183.8,82.8,69.72,116.4,-50.87,125.5,115.4,-52.25,-48.06,-54.99,-37.59
6,-47.35,194.6,40.38,27.67,94.95,-25.02,138,94.18,-8.173,-12.52,-33.06,-35.37
7,-45.83,139.8,45.62,33.42,68.72,9.288,85.71,69.72,36.16,26.69,1.286,-29.83
8,-43.99,79.81,58.3,46.48,27.87,39.71,27.96,30.18,69.96,57.59,31.71,-20.98
9,-41.86,53.4,79,67.64,-20.43,62.82,3.727,-19.48,80.17,69.91,46.84,-10.59
10,-39.88,28.51,78.77,68.04,-29.51,67.17,-18.44,-29.83,59.72,52.86,45.67,-0.9204
11,-37.74,28.64,45.21,35.15,0.7437,50.35,-15.76,-0.2883,24.68,20.93,24.58,5.697
12,-35.33,69.87,29.05,19.56,20.51,13.65,27.79,20.64,-8.389,-11.93,-10.73,7.992
13,-33.01,109.3,24.62,15.83,46.82,-16.44,70.05,48.57,-29.8,-35.31,-37.83,6.733
14,-30.69,106.7,45.77,37.76,68.7,-20.27,70.57,70.69,-29.32,-39.12,-43.73,3.719
15,-28.11,94.92,59.19,51.83,60,-1.276,61.56,61.81,-3.546,-17.39,-27.56,1.719
16,-25.45,67.43,45.62,38.97,21.1,37.14,36.91,22.17,35.47,19.94,6.156,3.134
17,-22.93,22.35,29,23.14,-4.769,77.1,-5.113,-3.275,68.91,54.49,45.41,8.729
18,-20.28,-9.97,13.23,8.124,-27.22,94.83,-34.67,-24.48,83.09,71.93,65.94,17.13
19,-17.61,-5.921,22.29,17.91,-38.92,84.54,-28.1,-35.37,69.4,62.26,57.82,25.35
20,-15.1,4.145,36.76,33.24,-23.35,52.24,-15.31,-19.65,26.77,23.09,27.07,30.11
21,-12.62,20.4,37.77,35.12,11.39,12.88,3.554,14.05,-22.27,-24.97,-14.32,29.62
22,-10.04,46.27,28.94,27.07,30.69,-22.43,31.73,32.85,-54.68,-58.27,-50.24,24.18
23,-7.526,57.42,9.802,8.765,36.13,-34.1,45.31,38.77,-57.82,-63.77,-60.28,16.91
24,-5.132,40.5,5.53,5.339,31.62,-16.92,30.89,35.29,-32.01,-40.03,-40.52,11.12
25,-2.671,14.77,12.27,12.87,6.055,16.71,7.366,10.7,10.77,1.874,-4.181,9.681
26,-0.2767,-10.42,20.99,22.37,-24.99,53.94,-15.77,-20.49,47.6,40.33,32.92,12.89
27,1.974,-36.82,23.05,25.28,-39.23,75.2,-40.14,-35.19,58.28,54.3,54.14,19.05
28,4.164,-42.51,9.843,12.91,-36.63,66.43,-44.08,-32.88,40.7,40.56,46.44,24.85
29,6.302,-23.52,-0.05115,3.816,-26.8,29.09,-23.61,-22.84,1.949,4.666,11.94,27.23
30,8.287,-0.1758,-2.311,2.399,-3.827,-17.03,1.256,0.7248,-43.25,-39.56,-30.17,24.63
31,10.15,14.37,3.475,9.016,18.09,-51.69,17.28,22.76,-74.27,-71.67,-62.8,17.73
32,12.02,21.67,9.074,15.38,22.18,-61.63,25.82,26.72,-76.29,-75.78,-71.98,9.143
33,13.78,11.16,3.255,10.32,10.13,-42.17,16.51,14.44,-51.44,-52.6,-52.57,2.312
34,15.43,-14.67,-5.666,2.148,-7.403,-4.62,-8.184,-2.893,-11.7,-13.17,-14.01,-0.1788
35,17,-37.73,-13.04,-4.531,-30.6,28.41,-30.36,-25.39,24.52,24.54,21.83,2.085
36,18.48,-48.47,-11.7,-2.521,-47.14,42.81,-40.41,-41.43,38.48,41.29,39,7.298
37,19.79,-50.17,-5.132,4.741,-44.73,31.79,-41.46,-38.93,20.96,26.85,30.24,12.14
38,20.97,-38.36,-3.907,6.632,-28.91,-1.373,-29.19,-23.55,-17.84,-9.897,-1.956,13.65
39,22.1,-16.22,-8.18,2.977,-11.41,-43.09,-6.768,-6.42,-59.57,-51.12,-42.76,10.31
40,23.08,-0.01525,-17.21,-5.461,3.687,-73.52,9.712,8.819,-86.37,-79.06,-71.39,3.196
41,23.96,2.902,-22.02,-9.705,9.015,-80.03,12.88,14.63,-85.67,-80.32,-75.9,-5.036
42,24.79,-5.268,-20.12,-7.323,-2.772,-62.28,4.819,3.43,-58.62,-54.96,-56.3,-11.12
43,25.52,-23.28,-16.8,-3.55,-22.73,-27.72,-13.16,-16.3,-20.35,-17.03,-21.03,-13.02
44,26.11,-45.19,-15.8,-2.119,-40.03,5.52,-35.13,-33.61,10.15,14.69,12.54,-10.58
45,26.62,-56.08,-20.66,-6.581,-50.41,19.24,-46.24,-43.98,20.23,27.11,27.16,-5.738
46,27.03,-51.61,-25.62,-11.19,-50.13,6.848,-42.14,-43.57,4.603,13.94,16.41,-1.419
47,27.3,-37.68,-26.88,-12.11,-36.41,-24.92,-28.6,-29.59,-30.08,-19.23,-13.15,-0.2173
48,27.46,-19.78,-25.04,-9.972,-18.68,-62.11,-11.15,-11.75,-66.74,-55.91,-48.89,-3.223
49,27.57,-4.564,-22.7,-7.388,-7.216,-87.64,3.559,-0.3409,-88.19,-78.74,-73.94,-9.509
50,27.59,-1.846,-24.81,-9.288,-5.317,-89.57,5.769,1.535,-86.01,-78.5,-75.92,-16.56
51,27.54,-11.94,-29.33,-13.65,-13.85,-68.79,-4.851,-6.808,-61.08,-55.11,-55.05,-21.48
52,27.43,-27.32,-32.87,-17.08,-31.55,-37.38,-20.84,-24.04,-25.27,-19.66,-22.81,-22.48
53,27.25,-41.98,-32.74,-16.88,-48.59,-9.341,-36.16,-40.67,3.202,9.789,6.183,-19.58
54,26.96,-50.55,-29.44,-13.53,-55.95,2.115,-45.44,-47.87,10.52,18.98,18.39,-14.67
55,26.59,-46.96,-27.73,-11.8,-52.72,-9.083,-42.63,-44.78,-5.347,4.977,7.509,-10.47
56,26.16,-32.7,-28.97,-13.06,-41.12,-37.12,-29.22,-33.4,-36.56,-25.2,-20.37,-9.289
57,25.66,-16.29,-32.48,-16.6,-25.55,-68.36,-13.63,-17.87,-68.56,-57.48,-51.15,-11.86
58,25.11,-4.179,-35.03,-19.23,-14.53,-88.7,-2.305,-6.696,-85.44,-75.83,-71.01,-17.15
59,24.53,-0.9844,-34.48,-18.81,-14.47,-89.06,0.1022,-6.376,-79.8,-72.11,-71.1,-22.81
60,23.9,-9.176,-32.84,-17.33,-23.64,-68.71,-8.847,-15.38,-55.6,-49.39,-51.02,-26.37
61,23.24,-24.4,-31.97,-16.65,-37.73,-38.23,-24.83,-29.41,-24.37,-18.57,-21.14,-26.39
62,22.53,-37.4,-33.18,-18.08,-51.43,-12.9,-38.63,-43.07,-0.1422,6.464,3.868,-23.11
63,21.79,-42.46,-34.86,-19.99,-57.89,-3.94,-44.52,-49.5,5.531,13.69,12.94,-18.25
64,21,-37.92,-34.9,-20.3,-53.53,-14.81,-40.82,-45.1,-9.502,0.1169,2.539,-14.21
65,20.16,-25.04,-33.53,-19.19,-41.84,-40.13,-28.74,-33.5,-37,-26.75,-22.52,-12.91
66,19.31,-9.711,-31.92,-17.88,-28.6,-66.98,-14.21,-20.44,-63.73,-54.02,-49.61,-14.94
67,18.44,0.1383,-32.16,-18.43,-19.23,-82.16,-5.093,-11.24,-77.29,-69.07,-65.38,-19.26
68,17.57,1.023,-33.95,-20.56,-18.55,-79.11,-4.889,-10.6,-70.75,-64.35,-63,-23.74
69,16.7,-6.311,-35.37,-22.36,-27.27,-59.74,-12.88,-19.2,-47.34,-42.3,-44.08,-26.21
70,15.82,-18.73,-35.12,-22.5,-40.21,-32.64,-25.92,-32,-18.78,-14.12,-17.29,-25.49
71,14.93,-30.13,-33.13,-20.91,-50.97,-10.48,-37.93,-42.74,1.729,7.044,4.541,-21.92
72,14.04,-34.19,-31.35,-19.53,-55.2,-3.459,-42.6,-47.15,5.406,11.97,11.15,-17.15
73,13.13,-29.12,-30.95,-19.54,-50.66,-13.74,-38.15,-42.89,-8.936,-1.224,0.4591,-13.35
74,12.22,-17.67,-31.71,-20.71,-39.26,-35.68,-27.26,-31.74,-33.74,-25.64,-21.74,-12.1
75,11.32,-4.529,-32.46,-21.88,-26.92,-58.59,-14.64,-19.59,-56.25,-48.81,-44.86,-13.76
76,10.43,4.291,-32.05,-21.9,-19.42,-70.99,-6.277,-12.2,-65.79,-59.82,-57.64,-17.3
77,9.556,4.428,-31.02,-21.31,-19.37,-66.46,-6.525,-12.25,-58.17,-53.88,-53.77,-20.8
78,8.707,-3.454,-30.24,-20.98,-26.68,-47.43,-14.75,-19.66,-36.75,-33.69,-35.61,-22.42
79,7.878,-14.77,-30.19,-21.39,-37.83,-22.94,-26.38,-30.93,-11.42,-8.68,-11.9,-21.24
80,7.07,-24.22,-30.37,-22.02,-46.89,-3.941,-36.13,-40.11,5.936,9.272,6.606,-17.65
81,6.272,-27.28,-29.81,-21.91,-49.32,1.174,-39.47,-42.71,7.884,12.29,11.5,-13.17
82,5.484,-22.16,-28.51,-21.05,-44.29,-9.284,-34.62,-37.93,-5.512,-0.1985,0.8748,-9.678
83,4.706,-11.52,-27.15,-20.12,-33.9,-29.17,-24.2,-27.87,-27.37,-21.86,-19.35,-8.552
84,3.959,-0.5493,-26.66,-20.07,-22.67,-48.36,-13.4,-16.98,-46.82,-42.01,-39.07,-10
85,3.243,6.098,-27.11,-20.95,-15.93,-57.65,-6.858,-10.52,-54.02,-50.58,-48.98,-13.02
86,2.557,5.641,-27.6,-21.87,-16.5,-52.4,-7.37,-11.24,-45.54,-43.6,-44.33,-15.87
87,1.913,-1.697,-27.33,-22.03,-23.31,-34.79,-14.72,-18.14,-25.59,-24.7,-27.26,-16.93
88,1.299,-12.07,-26.15,-21.28,-32.75,-13.06,-25.07,-27.71,-3.311,-2.649,-6.063,-15.5
89,0.7055,-20.24,-24.77,-20.31,-40.17,2.866,-33.22,-35.35,11.19,12.41,9.384,-12.04
90,0.1325,-22.48,-23.91,-19.85,-41.58,6.312,-35.41,-37.06,11.54,13.71,12.44,-7.968
91,-0.42,-17.79,-23.62,-19.95,-36.13,-3.701,-30.67,-31.94,-1.552,1.387,2.179,-4.934
92,-0.9418,-8.261,-23.51,-20.21,-26.42,-21.81,-21.05,-22.56,-21.01,-17.96,-16.11,-4.069
93,-1.443,1.44,-23.08,-20.14,-16.71,-38.68,-11.22,-13.13,-37.29,-34.92,-33.21,-5.457
94,-1.904,6.634,-22.43,-19.85,-11.06,-45.84,-5.84,-7.731,-42.51,-41.38,-40.8,-8.12
95,-2.333,5.201,-21.92,-19.69,-11.82,-39.92,-7.046,-8.708,-33.96,-34.15,-35.46,-10.51
96,-2.722,-1.892,-21.68,-19.8,-18.15,-23.63,-13.89,-15.22,-15.68,-16.72,-19.74,-11.25
97,-3.08,-11.25,-21.49,-19.94,-26.44,-4.443,-22.98,-23.67,3.733,2.587,-0.9801,-9.785
98,-3.408,-18.32,-20.9,-19.68,-32.42,8.803,-29.78,-29.85,15.57,15,12.03,-6.604
99,-3.725,-19.74,-19.88,-18.96,-33.08,10.39,-30.93,-30.75,14.81,15.11,13.51,-3.01
100,-4.022,-15.11,-18.81,-18.18,-27.78,0.3923,-26.02,-25.76,2.316,3.287,3.398,-0.4677
101,-4.288,-6.784,-18.19,-17.83,-18.78,-15.88,-17.4,-17.11,-15.36,-14.32,-13.05,0.08382
102,-4.533,1.372,-18.14,-18.04,-10.21,-30.4,-8.918,-8.839,-29.33,-28.92,-27.81,-1.342
103,-4.748,5.475,-18.3,-18.44,-5.715,-35.97,-4.453,-4.562,-32.88,-33.55,-33.67,-3.805
104,-4.932,3.61,-18.18,-18.57,-6.882,-29.85,-5.933,-5.88,-24.34,-26.12,-27.86,-5.902
105,-5.086,-3.155,-17.61,-18.24,-12.76,-14.99,-12.3,-11.88,-7.71,-10.15,-13.32,-6.452
106,-5.219,-11.52,-16.79,-17.65,-20.13,1.715,-20.26,-19.4,9.209,6.78,3.089,-5.043
107,-5.331,-17.59,-16.07,-17.14,-25.1,12.68,-25.94,-24.56,18.64,16.81,13.86,-2.202
108,-5.423,-18.55,-15.57,-16.83,-25.09,13.06,-26.52,-24.79,16.66,15.66,14.18,0.8794
109,-5.505,-14.03,-15.19,-16.62,-20,3.164,-21.63,-19.94,4.759,4.373,4.307,2.918
110,-5.577,-6.431,-14.79,-16.39,-11.97,-11.76,-13.65,-12.17,-11.06,-11.39,-10.6,3.146
111,-5.618,0.5422,-14.4,-16.15,-4.56,-24.33,-6.278,-4.974,-23.03,-23.92,-23.25,1.656
112,-5.648,3.63,-14.14,-16.04,-0.9988,-28.49,-2.773,-1.59,-25.35,-27.17,-27.63,-0.6587
113,-5.648,1.436,-14.03,-16.07,-2.569,-22.27,-4.535,-3.286,-17.01,-19.74,-21.68,-2.546
114,-5.638,-4.932,-13.93,-16.09,-8.091,-8.644,-10.47,-8.895,-2.036,-5.25,-8.285,-2.992
115,-5.608,-12.36,-13.57,-15.86,-14.64,5.894,-17.49,-15.52,12.58,9.484,6.125,-1.698
116,-5.567,-17.37,-12.91,-15.31,-18.85,14.68,-22.1,-19.84,20.1,17.63,14.89,0.7975
117,-5.515,-17.75,-12.15,-14.65,-18.49,13.96,-22.1,-19.65,17.26,15.58,14.21,3.4
118,-5.464,-13.45,-11.6,-14.18,-13.63,4.428,-17.43,-14.99,5.85,4.728,4.73,4.983
119,-5.403,-6.618,-11.4,-14.04,-6.461,-9.083,-10.24,-8.016,-8.379,-9.448,-8.757,4.921
120,-5.331,-0.5882,-11.41,-14.13,-0.1742,-19.93,-3.833,-1.88,-18.56,-20.11,-19.63,3.37
121,-5.249,1.781,-11.42,-14.19,2.524,-22.93,-1.09,0.7261,-19.86,-22.21,-22.72,1.183
122,-5.147,-0.5486,-11.24,-14.06,0.6363,-16.76,-3.039,-1.208,-11.77,-14.85,-16.7,-0.5216
123,-5.035,-6.4,-10.87,-13.75,-4.615,-4.407,-8.519,-6.488,1.746,-1.682,-4.493,-0.8843
124,-4.922,-12.97,-10.45,-13.37,-10.45,8.285,-14.73,-12.37,14.26,11.03,8.104,0.2914
125,-4.809,-17.13,-10.03,-12.99,-13.95,15.39,-18.56,-15.93,20.03,17.43,15.21,2.467
126,-4.687,-16.99,-9.644,-12.62,-13.35,13.8,-18.12,-15.43,16.59,14.74,13.72,4.642
127,-4.574,-12.76,-9.282,-12.27,-8.839,4.622,-13.61,-11.03,5.832,4.495,4.658,5.836
128,-4.451,-6.57,-8.993,-11.99,-2.481,-7.561,-7.128,-4.789,-6.907,-8.201,-7.445,5.548
129,-4.339,-1.358,-8.854,-11.85,2.822,-16.85,-1.634,0.4277,-15.5,-17.23,-16.74,3.981
130,-4.206,0.425,-8.85,-11.85,4.764,-18.83,0.4293,2.328,-15.98,-18.38,-18.82,1.933
131,-4.073,-1.979,-8.857,-11.86,2.66,-12.7,-1.693,0.2263,-8.243,-11.25,-12.8,0.4048
132,-3.94,-7.306,-8.718,-11.71,-2.278,-1.495,-6.752,-4.686,3.912,0.6852,-1.684,0.1218
133,-3.796,-12.98,-8.353,-11.34,-7.515,9.463,-12.18,-9.903,14.67,11.7,9.247,1.199
134,-3.663,-16.32,-7.865,-10.84,-10.44,15.1,-15.3,-12.84,19.02,16.66,14.92,3.103
135,-3.541,-15.79,-7.416,-10.37,-9.617,12.93,-14.57,-12.07,15.12,13.46,12.85,4.923
136,-3.418,-11.7,-7.147,-10.07,-5.434,4.233,-10.3,-7.958,5.055,3.844,4.25,5.805
137,-3.295,-6.072,-7.059,-9.955,0.1757,-6.669,-4.496,-2.409,-6.276,-7.463,-6.58,5.356
138,-3.183,-1.554,-7.054,-9.918,4.628,-14.55,0.1963,2.016,-13.46,-15.04,-14.44,3.817
139,-3.06,-0.218,-7.034,-9.866,5.944,-15.71,1.707,3.345,-13.2,-15.37,-15.66,1.933
140,-2.937,-2.586,-6.928,-9.73,3.683,-9.72,-0.4971,1.127,-5.811,-8.469,-9.768,0.5913
141,-2.814,-7.423,-6.735,-9.506,-0.912,0.4638,-5.178,-3.413,5.068,2.268,0.3302,0.3986
142,-2.691,-12.33,-6.466,-9.204,-5.547,9.958,-9.949,-8.004,14.25,11.73,9.795,1.402
143,-2.579,-14.95,-6.139,-8.841,-7.958,14.35,-12.46,-10.4,17.44,15.51,14.24,3.081
144,-2.477,-14.07,-5.806,-8.467,-6.984,11.76,-11.48,-9.434,13.3,11.99,11.74,4.611
145,-2.384,-10.14,-5.531,-8.148,-3.108,3.587,-7.476,-5.585,3.969,3.047,3.672,5.256
146,-2.292,-5.039,-5.384,-7.955,1.835,-6.123,-2.299,-0.6667,-6.024,-6.95,-5.981,4.712
147,-2.2,-1.143,-5.368,-7.895,5.556,-12.72,1.668,3.056,-11.96,-13.25,-12.59,3.242
148,-2.108,-0.204,-5.407,-7.891,6.389,-13.15,2.684,3.926,-11.13,-12.94,-13.08,1.54
149,-2.026,-2.515,-5.385,-7.829,4.062,-7.343,0.4425,1.667,-4.095,-6.315,-7.359,0.3896
150,-1.934,-6.852,-5.217,-7.622,-0.189,1.847,-3.837,-2.508,5.663,3.357,1.764,0.2949
151,-1.852,-11.06,-4.915,-7.281,-4.262,10.04,-8.003,-6.519,13.48,11.46,9.933,1.247
152,-1.781,-13.09,-4.569,-6.893,-6.2,13.41,-10.01,-8.425,15.71,14.24,13.34,2.746
153,-1.709,-11.97,-4.275,-6.555,-5.098,10.53,-8.873,-7.319,11.46,10.53,10.54,4.044
154,-1.648,-8.227,-4.096,-6.33,-1.507,2.949,-5.137,-3.738,2.877,2.266,3.035,4.511
155,-1.597,-3.63,-4.021,-6.209,2.853,-5.636,-0.5434,0.6214,-5.879,-6.526,-5.506,3.919
156,-1.545,-0.2894,-4.004,-6.149,5.948,-11.12,2.8,3.738,-10.68,-11.68,-11,2.549
157,-1.494,0.3267,-3.987,-6.092,6.391,-10.97,3.419,4.232,-9.379,-10.84,-10.92,1.039
158,-1.443,-1.926,-3.926,-5.993,4.075,-5.366,1.168,1.988,-2.737,-4.545,-5.407,0.07942
159,-1.392,-5.833,-3.779,-5.811,0.1899,2.92,-2.745,-1.82,5.981,4.125,2.808,0.08256
160,-1.341,-9.437,-3.546,-5.541,-3.36,9.95,-6.366,-5.306,12.61,11.03,9.815,0.9971
161,-1.31,-10.96,-3.255,-5.214,-4.879,12.47,-7.928,-6.788,14.07,12.98,12.36,2.345
162,-1.269,-9.672,-2.981,-4.902,-3.676,9.418,-6.68,-5.573,9.817,9.203,9.381,3.456
163,-1.249,-6.159,-2.792,-4.673,-0.3578,2.412,-3.217,-2.256,1.986,1.625,2.434,3.789
164,-1.228,-2.06,-2.713,-4.555,3.487,-5.128,0.8339,1.594,-5.644,-6.071,-5.084,3.185
165,-1.198,0.76,-2.723,-4.529,6.057,-9.618,3.615,4.19,-9.476,-10.24,-9.603,1.929
166,-1.177,1.094,-2.736,-4.509,6.198,-8.994,3.91,4.385,-7.803,-8.985,-9.051,0.609
167,-1.157,-1.085,-2.681,-4.424,3.932,-3.656,1.697,2.19,-1.556,-3.036,-3.796,-0.1718
168,-1.136,-4.599,-2.518,-4.233,0.411,3.785,-1.86,-1.26,6.208,4.706,3.578,-0.07884
169,-1.116,-7.685,-2.277,-3.964,-2.654,9.788,-4.995,-4.268,11.79,10.56,9.557,0.8026
170,-1.095,-8.817,-2.02,-3.677,-3.806,11.59,-6.188,-5.388,12.62,11.82,11.38,2.019
171,-1.095,-7.435,-1.797,-3.424,-2.531,8.466,-4.874,-4.102,8.433,8.038,8.306,2.972
172,-1.085,-4.174,-1.653,-3.25,0.53,2.034,-1.683,-1.042,1.326,1.126,1.92,3.204
173,-1.085,-0.5491,-1.588,-3.154,3.909,-4.568,1.881,2.345,-5.275,-5.568,-4.669,2.607
174,-1.075,1.805,-1.584,-3.123,6.028,-8.201,4.177,4.489,-8.271,-8.882,-8.338,1.469
175,-1.075,1.882,-1.584,-3.097,5.938,-7.209,4.203,4.447,-6.335,-7.327,-7.419,0.3259
176,-1.065,-0.2232,-1.534,-3.026,3.756,-2.158,2.05,2.328,-0.5023,-1.747,-2.45,-0.2956
177,-1.054,-3.39,-1.399,-2.869,0.5825,4.492,-1.169,-0.783,6.382,5.135,4.139,-0.1287
178,-1.054,-6.029,-1.186,-2.635,-2.045,9.585,-3.867,-3.362,11.05,10.06,9.213,0.7162
179,-1.054,-6.844,-0.9501,-2.377,-2.884,10.78,-4.747,-4.177,11.37,10.76,10.43,1.813
180,-1.054,-5.43,-0.7498,-2.153,-1.568,7.644,-3.4,-2.856,7.297,7.033,7.332,2.629
181,-1.054,-2.442,-0.6348,-2.014,1.244,1.772,-0.478,-0.04516,0.87,0.7511,1.494,2.777
182,-1.065,0.741,-0.6012,-1.957,4.206,-3.979,2.639,2.922,-4.818,-5.047,-4.254,2.196
183,-1.065,2.668,-0.61,-1.944,5.934,-6.883,4.514,4.672,-7.103,-7.633,-7.193,1.17
184,-1.065,2.531,-0.6099,-1.925,5.66,-5.623,4.329,4.441,-4.99,-5.862,-6,0.1868
185,-1.054,0.5025,-0.5531,-1.85,3.58,-0.8835,2.257,2.415,0.4163,-0.6679,-1.334,-0.2988
186,-1.054,-2.353,-0.4319,-1.713,0.7336,5.031,-0.6452,-0.3796,6.49,5.423,4.526,-0.07669
187,-1.054,-4.615,-0.2502,-1.514,-1.505,9.32,-2.957,-2.58,10.36,9.526,8.8,0.7245
188,-1.054,-5.179,-0.05554,-1.301,-2.083,10.02,-3.575,-3.14,10.25,9.767,9.52,1.707
189,-1.054,-3.771,0.1038,-1.122,-0.7566,6.907,-2.222,-1.812,6.334,6.14,6.446,2.399
190,-1.054,-1.051,0.2011,-1.005,1.813,1.56,0.4424,0.7524,0.5446,0.457,1.13,2.477
191,-1.054,1.71,0.2278,-0.9586,4.395,-3.431,3.155,3.337,-4.338,-4.545,-3.859,1.915
192,-1.054,3.26,0.2108,-0.9572,5.786,-5.71,4.664,4.747,-6.031,-6.52,-6.175,0.9911
193,-1.054,2.947,0.1915,-0.9601,5.371,-4.26,4.312,4.368,-3.818,-4.608,-4.785,0.1454
194,-1.044,1.004,0.2226,-0.9139,3.402,0.1517,2.338,2.446,1.162,0.1964,-0.4347,-0.2285
195,-1.034,-1.567,0.3304,-0.7914,0.856,5.382,-0.265,-0.05581,6.493,5.561,4.755,0.03033
196,-1.034,-3.5,0.4901,-0.6162,-1.042,8.957,-2.234,-1.924,9.656,8.948,8.322,0.7806
197,-1.024,-3.863,0.6602,-0.4293,-1.407,9.244,-2.637,-2.276,9.215,8.814,8.634,1.653
198,-1.024,-2.486,0.7846,-0.2867,-0.09619,6.2,-1.303,-0.9677,5.47,5.318,5.627,2.232
199,-1.013,-0.03144,0.8423,-0.21,2.237,1.351,1.113,1.359,0.27,0.1942,0.8064,2.248
200,-1.013,2.356,0.8391,-0.1946,4.474,-2.966,3.464,3.599,-3.9,-4.1,-3.508,1.706
201,-1.003,3.58,0.8087,-0.2074,5.571,-4.724,4.661,4.713,-5.103,-5.56,-5.294,0.8728
202,-0.993,3.12,0.7919,-0.2082,5.045,-3.155,4.183,4.22,-2.849,-3.57,-3.774,0.1454
203,-0.9725,1.271,0.8217,-0.1633,3.192,0.9241,2.315,2.407,1.707,0.8452,0.2546,-0.1385
204,-0.9623,-1.036,0.9041,-0.06597,0.9225,5.528,-0.01386,0.1739,6.358,5.544,4.829,0.1405
205,-0.952,-2.68,1.026,0.07174,-0.68,8.478,-1.68,-1.404,8.908,8.306,7.78,0.8339
206,-0.9316,-2.873,1.154,0.2167,-0.8728,8.428,-1.904,-1.588,8.203,7.877,7.759,1.601
207,-0.9213,-1.55,1.252,0.3335,0.4014,5.48,-0.6051,-0.3167,4.653,4.539,4.851,2.077
208,-0.9111,0.6609,1.291,0.3918,2.507,1.097,1.577,1.783,-0.002329,-0.0632,0.4974,2.04
209,-0.9009,2.708,1.273,0.3932,4.433,-2.62,3.602,3.711,-3.547,-3.732,-3.215,1.518
210,-0.8804,3.649,1.224,0.3617,5.277,-3.939,4.53,4.571,-4.347,-4.765,-4.556,0.7653
211,-0.86,3.092,1.19,0.3447,4.669,-2.301,3.96,3.993,-2.101,-2.746,-2.957,0.1392
212,-0.8395,1.346,1.207,0.3779,2.932,1.444,2.207,2.292,2.047,1.292,0.7516,-0.07268
213,-0.819,-0.7147,1.273,0.46,0.9138,5.476,0.1334,0.3061,6.084,5.389,4.764,0.2147
214,-0.7986,-2.102,1.373,0.5769,-0.4307,7.881,-1.268,-1.018,8.104,7.61,7.179,0.8488
215,-0.7781,-2.165,1.47,0.6914,-0.4878,7.564,-1.348,-1.068,7.198,6.951,6.894,1.517
216,-0.7679,-0.8928,1.534,0.7755,0.7351,4.737,-0.09716,0.1514,3.856,3.789,4.109,1.9
217,-0.7474,1.084,1.547,0.8083,2.625,0.79,1.865,2.037,-0.2963,-0.3287,0.1929,1.819
218,-0.7269,2.837,1.513,0.7939,4.271,-2.396,3.602,3.686,-3.291,-3.444,-2.986,1.318
219,-0.7065,3.546,1.461,0.7601,4.898,-3.348,4.302,4.33,-3.759,-4.122,-3.953,0.6394
220,-0.686,2.916,1.419,0.7354,4.233,-1.681,3.667,3.692,-1.555,-2.113,-2.317,0.1011
221,-0.6553,1.283,1.419,0.7529,2.616,1.742,2.032,2.107,2.201,1.56,1.08,-0.05248
222,-0.6349,-0.547,1.469,0.8192,0.8255,5.255,0.1938,0.3459,5.689,5.117,4.583,0.235
223,-0.6144,-1.708,1.545,0.9132,-0.2958,7.19,-0.9743,-0.7575,7.258,6.875,6.534,0.8103
224,-0.5837,-1.659,1.619,1.006,-0.2443,6.665,-0.9386,-0.7005,6.205,6.043,6.046,1.389
225,-0.5632,-0.4522,1.655,1.062,0.9176,3.98,0.2541,0.4588,3.08,3.071,3.401,1.691
226,-0.5428,1.321,1.648,1.075,2.606,0.4412,2.012,2.144,-0.6061,-0.596,-0.1066,1.574
227,-0.5223,2.809,1.604,1.05,4.002,-2.274,3.492,3.546,-3.117,-3.223,-2.811,1.097
228,-0.5018,3.326,1.543,1.008,4.448,-2.918,4.002,4.008,-3.314,-3.609,-3.467,0.4869
229,-0.4814,2.654,1.5,0.982,3.747,-1.254,3.326,3.333,-1.178,-1.638,-1.827,0.02612
230,-0.4507,1.138,1.49,0.9885,2.249,1.861,1.809,1.864,2.21,1.689,1.269,-0.07922
231,-0.4302,-0.4778,1.52,1.035,0.6686,4.909,0.1878,0.3094,5.208,4.762,4.315,0.2035
232,-0.3995,-1.43,1.574,1.107,-0.2584,6.441,-0.7763,-0.6016,6.397,6.126,5.869,0.7232
233,-0.3791,-1.29,1.627,1.178,-0.1226,5.762,-0.6488,-0.461,5.247,5.173,5.226,1.221
234,-0.3586,-0.1503,1.656,1.225,0.972,3.231,0.4791,0.6319,2.345,2.399,2.735,1.454
235,-0.3381,1.433,1.634,1.223,2.473,0.07371,2.047,2.132,-0.9139,-0.8536,-0.3935,1.312
236,-0.3177,2.696,1.577,1.184,3.652,-2.221,3.3,3.316,-3.001,-3.052,-2.678,0.8621
237,-0.2972,3.05,1.505,1.129,3.947,-2.61,3.651,3.627,-2.978,-3.198,-3.076,0.3156
238,-0.2767,2.358,1.459,1.099,3.229,-0.975,2.955,2.934,-0.9257,-1.287,-1.458,-0.07582
239,-0.2563,0.9664,1.451,1.107,1.849,1.847,1.559,1.581,2.12,1.716,1.351,-0.1405
240,-0.2358,-0.4484,1.477,1.148,0.4608,4.481,0.1332,0.2154,4.683,4.357,3.988,0.1348
241,-0.2154,-1.225,1.522,1.209,-0.2955,5.676,-0.655,-0.5278,5.552,5.388,5.203,0.603
242,-0.1949,-1.012,1.553,1.257,-0.09355,4.887,-0.4561,-0.3221,4.346,4.355,4.449,1.03
243,-0.1744,0.06155,1.555,1.276,0.9332,2.522,0.6047,0.7031,1.669,1.785,2.122,1.206
244,-0.154,1.472,1.523,1.261,2.265,-0.2806,1.999,2.035,-1.195,-1.085,-0.6534,1.047
245,-0.1437,2.536,1.467,1.222,3.253,-2.206,3.055,3.029,-2.909,-2.905,-2.569,0.6268
246,-0.1233,2.764,1.407,1.176,3.425,-2.384,3.276,3.216,-2.71,-2.858,-2.755,0.1414
247,-0.1028,2.07,1.362,1.145,2.707,-0.7916,2.572,2.521,-0.7565,-1.024,-1.179,-0.1875
248,-0.09257,0.793,1.342,1.139,1.445,1.759,1.293,1.282,1.971,1.675,1.362,-0.2176
249,-0.07211,-0.4405,1.351,1.161,0.2321,4.026,0.04738,0.0887,4.154,3.935,3.633,0.04897
250,-0.05164,-1.062,1.383,1.207,-0.3765,4.931,-0.586,-0.5082,4.761,4.69,4.562,0.4706
251,-0.04141,-0.7911,1.41,1.248,-0.1243,4.07,-0.3324,-0.253,3.531,3.612,3.734,0.8361
252,-0.03118,0.2121,1.415,1.267,0.8335,1.876,0.6577,0.7026,1.077,1.243,1.573,0.9664
253,-0.01071,1.46,1.38,1.246,2.012,-0.5981,1.891,1.881,-1.43,-1.278,-0.8788,0.7978
254,-0.0004827,2.357,1.314,1.194,2.836,-2.194,2.773,2.71,-2.82,-2.77,-2.47,0.4091
255,0.009749,2.479,1.249,1.141,2.91,-2.201,2.889,2.798,-2.482,-2.568,-2.483,-0.01904
256,0.01998,1.797,1.2,1.103,2.205,-0.6685,2.195,2.113,-0.6326,-0.8203,-0.9625,-0.2916
257,0.04044,0.6394,1.192,1.106,1.057,1.627,1.03,0.9865,1.804,1.599,1.325,-0.2921
258,0.05068,-0.4338,1.209,1.133,0.004702,3.57,-0.05362,-0.05005,3.651,3.521,3.273,-0.03498
259,0.06091,-0.9212,1.23,1.166,-0.474,4.239,-0.556,-0.5206,4.04,4.044,3.962,0.3445
260,0.07114,-0.6136,1.243,1.189,-0.1833,3.337,-0.2632,-0.2287,2.813,2.948,3.089,0.6571
261,0.08137,0.3236,1.227,1.184,0.7063,1.315,0.6578,0.6586,0.5765,0.7797,1.096,0.7501
262,0.08137,1.428,1.192,1.16,1.746,-0.8594,1.748,1.698,-1.603,-1.422,-1.059,0.5782
263,0.0916,2.172,1.138,1.117,2.427,-2.172,2.48,2.384,-2.712,-2.628,-2.367,0.2222
264,0.1018,2.213,1.082,1.07,2.425,-2.039,2.51,2.394,-2.268,-2.306,-2.242,-0.1521
265,0.1121,1.547,1.041,1.037,1.743,-0.5741,1.832,1.729,-0.5316,-0.6563,-0.79,-0.3746
266,0.1223,0.4981,1.021,1.025,0.7068,1.486,0.7762,0.7096,1.636,1.502,1.263,-0.3506
267,0.1223,-0.4212,1.029,1.04,-0.2011,3.141,-0.1598,-0.1852,3.19,3.13,2.924,-0.104
268,0.1325,-0.7959,1.046,1.065,-0.5693,3.61,-0.5473,-0.547,3.405,3.464,3.413,0.2374
269,0.1325,-0.4632,1.06,1.087,-0.2512,2.691,-0.2269,-0.2294,2.201,2.372,2.52,0.5043
270,0.1428,0.4067,1.052,1.087,0.5721,0.839,0.6234,0.5904,0.1718,0.3957,0.6919,0.5674
271,0.1428,1.377,1.012,1.055,1.487,-1.061,1.581,1.504,-1.715,-1.519,-1.194,0.3965
272,0.1428,1.988,0.9558,1.006,2.048,-2.124,2.183,2.068,-2.584,-2.48,-2.256,0.07279
273,0.153,1.962,0.9002,0.9567,1.985,-1.883,2.147,2.016,-2.061,-2.067,-2.023,-0.2523
274,0.153,1.321,0.8668,0.9287,1.334,-0.4955,1.496,1.379,-0.4378,-0.5166,-0.6463,-0.4306
275,0.1632,0.3786,0.8571,0.924,0.4034,1.346,0.5443,0.4622,1.484,1.402,1.189,-0.3867
276,0.1632,-0.4136,0.8661,0.9379,-0.373,2.751,-0.2608,-0.3046,2.782,2.77,2.598,-0.1515
277,0.1632,-0.6923,0.8797,0.9566,-0.6453,3.058,-0.5522,-0.5736,2.854,2.949,2.922,0.1549
278,0.1735,-0.3407,0.8822,0.9644,-0.3093,2.141,-0.2141,-0.2397,1.688,1.878,2.027,0.3821
279,0.1735,0.4557,0.868,0.9556,0.4498,0.4532,0.5693,0.5152,-0.142,0.08777,0.36,0.4211
280,0.1735,1.307,0.8332,0.9259,1.252,-1.2,1.409,1.315,-1.765,-1.568,-1.282,0.2544
281,0.1735,1.808,0.786,0.8831,1.709,-2.049,1.899,1.774,-2.429,-2.318,-2.132,-0.03782
282,0.1735,1.729,0.741,0.8418,1.602,-1.724,1.81,1.675,-1.853,-1.84,-1.816,-0.3182
283,0.1735,1.112,0.7059,0.8097,0.9864,-0.4173,1.19,1.071,-0.3459,-0.3947,-0.5208,-0.4584
284,0.1735,0.271,0.6922,0.7987,0.1549,1.222,0.3369,0.2508,1.351,1.305,1.113,-0.3989
285,0.1735,-0.4104,0.6975,0.8066,-0.5053,2.404,-0.3498,-0.4023,2.428,2.447,2.301,-0.1761
286,0.1735,-0.6043,0.7142,0.8262,-0.6975,2.576,-0.5589,-0.593,2.386,2.501,2.488,0.09813
287,0.1735,-0.25,0.7239,0.839,-0.3525,1.675,-0.2124,-0.2516,1.269,1.464,1.606,0.2905
288,0.1735,0.4774,0.712,0.8302,0.3446,0.1459,0.5042,0.44,-0.3765,-0.1531,0.09287,0.3099
289,0.1735,1.219,0.6726,0.7937,1.047,-1.283,1.237,1.139,-1.766,-1.578,-1.329,0.1493
290,0.1735,1.625,0.6217,0.7452,1.415,-1.949,1.632,1.508,-2.256,-2.149,-1.997,-0.1135
291,0.1735,1.503,0.5775,0.7026,1.274,-1.565,1.505,1.375,-1.645,-1.625,-1.621,-0.354
292,0.1735,0.9251,0.5545,0.6807,0.6967,-0.3449,0.9209,0.8063,-0.2534,-0.2845,-0.4104,-0.4615
293,0.1735,0.1685,0.5552,0.6824,-0.04256,1.109,0.1585,0.07517,1.238,1.214,1.038,-0.3907
294,0.1735,-0.4078,0.5614,0.6895,-0.5991,2.099,-0.4253,-0.4774,2.119,2.157,2.032,-0.1813
295,0.1735,-0.5428,0.5675,0.6968,-0.7238,2.164,-0.5665,-0.6026,1.988,2.11,2.109,0.06285
296,0.1735,-0.1861,0.5627,0.6934,-0.3766,1.289,-0.2172,-0.2597,0.9274,1.117,1.252,0.2245
297,0.1632,0.477,0.5535,0.6857,0.2601,-0.09341,0.4383,0.3715,-0.5433,-0.3345,-0.1158,0.2281
298,0.1632,1.123,0.5278,0.6613,0.8716,-1.325,1.075,0.9793,-1.726,-1.554,-1.342,0.07467
299,0.1632,1.44,0.4885,0.6228,1.164,-1.834,1.388,1.272,-2.073,-1.976,-1.855,-0.1607
300,0.1632,1.285,0.4477,0.5823,1,-1.407,1.231,1.113,-1.446,-1.425,-1.437,-0.3661
301,0.1632,0.746,0.42,0.5544,0.4625,-0.2729,0.6848,0.5823,-0.1678,-0.1898,-0.3127,-0.4465
302,0.1632,0.06908,0.4176,0.5516,-0.1923,1.01,0.008552,-0.06606,1.138,1.127,0.967,-0.3682
303,0.153,-0.4123,0.4277,0.5615,-0.6585,1.83,-0.4821,-0.5296,1.854,1.899,1.791,-0.1729
304,0.153,-0.4935,0.4422,0.5761,-0.7274,1.808,-0.5666,-0.6007,1.654,1.774,1.78,0.04361
305,0.153,-0.1446,0.4428,0.5769,-0.3831,0.9699,-0.2216,-0.2618,0.6531,0.8304,0.9562,0.1781
306,0.153,0.4595,0.4242,0.5587,0.197,-0.2713,0.3735,0.312,-0.6582,-0.4689,-0.2743,0.1688
307,0.153,1.016,0.3932,0.5279,0.7277,-1.326,0.9257,0.8389,-1.658,-1.506,-1.325,0.02329
308,0.1428,1.265,0.3565,0.4909,0.9545,-1.707,1.171,1.066,-1.884,-1.801,-1.708,-0.1869
309,0.1428,1.087,0.3272,0.461,0.7737,-1.254,0.995,0.8889,-1.253,-1.237,-1.264,-0.3613
310,0.1428,0.5813,0.3142,0.4469,0.2766,-0.2059,0.4853,0.3972,-0.08661,-0.1052,-0.2251,-0.4191
311,0.1428,-0.02088,0.3111,0.4428,-0.3001,0.9236,-0.114,-0.1753,1.05,1.045,0.9004,-0.3363
312,0.1428,-0.4276,0.3168,0.4475,-0.6875,1.597,-0.5231,-0.5617,1.622,1.67,1.577,-0.1556
313,0.1428,-0.4599,0.3195,0.4496,-0.7115,1.505,-0.5605,-0.5885,1.371,1.485,1.496,0.03521
314,0.1325,-0.1183,0.3192,0.4488,-0.3745,0.7088,-0.2228,-0.2571,0.4346,0.5961,0.7124,0.1459
315,0.1325,0.4274,0.3099,0.4391,0.1497,-0.4055,0.3166,0.2615,-0.7292,-0.5615,-0.391,0.1264
316,0.1325,0.9052,0.2837,0.4124,0.6071,-1.304,0.7928,0.7148,-1.568,-1.438,-1.287,-0.01079
317,0.1325,1.09,0.2548,0.3827,0.7801,-1.573,0.9774,0.8873,-1.699,-1.631,-1.561,-0.1981
318,0.1325,0.9005,0.2218,0.3484,0.5892,-1.106,0.788,0.6992,-1.076,-1.067,-1.103,-0.3457
319,0.1223,0.4293,0.2072,0.3323,0.1302,-0.1452,0.3187,0.2446,-0.01465,-0.03259,-0.1492,-0.3851
320,0.1223,-0.09764,0.2112,0.3348,-0.3763,0.8423,-0.2085,-0.2584,0.9712,0.9688,0.8365,-0.3003
321,0.1223,-0.4343,0.2192,0.3414,-0.6939,1.389,-0.5472,-0.5762,1.419,1.466,1.387,-0.1342
322,0.1223,-0.4324,0.2284,0.3496,-0.6818,1.245,-0.547,-0.5678,1.13,1.236,1.251,0.03291
323,0.1223,-0.1028,0.2212,0.3415,-0.357,0.4928,-0.2207,-0.2485,0.259,0.4036,0.5103,0.1227
324,0.1223,0.3848,0.208,0.3275,0.1163,-0.4996,0.2657,0.2192,-0.77,-0.6239,-0.474,0.09498
325,0.1121,0.7946,0.1862,0.3048,0.5083,-1.261,0.6743,0.6078,-1.469,-1.36,-1.233,-0.03383
326,0.1121,0.927,0.1637,0.281,0.6344,-1.44,0.8107,0.7331,-1.519,-1.466,-1.417,-0.2002
327,0.1121,0.7311,0.1437,0.2595,0.4387,-0.9693,0.6137,0.5396,-0.9132,-0.9108,-0.9544,-0.3245
328,0.1121,0.2946,0.1262,0.2403,0.01912,-0.08969,0.1817,0.1231,0.04637,0.02778,-0.08237,-0.3488
329,0.1121,-0.1667,0.1254,0.2378,-0.4233,0.7715,-0.2796,-0.317,0.8973,0.8958,0.7772,-0.264
330,0.1121,-0.443,0.1285,0.2394,-0.6824,1.207,-0.5558,-0.5763,1.241,1.285,1.218,-0.1123
331,0.1121,-0.4116,0.1382,0.2478,-0.6424,1.022,-0.525,-0.5399,0.9279,1.023,1.041,0.0334
332,0.1018,-0.0985,0.1415,0.25,-0.3331,0.3158,-0.2135,-0.2358,0.1211,0.2488,0.3454,0.105
333,0.1018,0.3369,0.1335,0.2409,0.09162,-0.5646,0.2222,0.1832,-0.7863,-0.6606,-0.53,0.07115
334,0.1018,0.6842,0.1158,0.2221,0.4264,-1.204,0.5699,0.5144,-1.365,-1.275,-1.169,-0.04927
335,0.1018,0.7799,0.08342,0.1884,0.5143,-1.307,0.6655,0.6016,-1.351,-1.312,-1.277,-0.1967
336,0.1018,0.5784,0.06376,0.167,0.3179,-0.8416,0.468,0.4073,-0.7665,-0.7702,-0.8186,-0.3007
337,0.1018,0.1823,0.05212,0.1536,-0.06517,-0.04376,0.07447,0.0274,0.09881,0.07931,-0.02522,-0.3128
338,0.0916,-0.2182,0.05996,0.1596,-0.4502,0.7034,-0.3276,-0.3561,0.8294,0.8279,0.7202,-0.2293
339,0.0916,-0.4439,0.07433,0.1724,-0.658,1.046,-0.5521,-0.565,1.083,1.124,1.067,-0.09159
340,0.0916,-0.3927,0.07847,0.1752,-0.5963,0.8343,-0.4992,-0.5074,0.7543,0.8396,0.8612,0.03461
341,0.0916,-0.09574,0.07976,0.1753,-0.3031,0.1779,-0.2036,-0.2194,0.01213,0.1239,0.213,0.09054
342,0.0916,0.2929,0.06269,0.1571,0.07681,-0.6015,0.1869,0.1556,-0.7829,-0.6759,-0.5613,0.05223
343,0.0916,0.5886,0.0452,0.1384,0.3615,-1.133,0.4833,0.4372,-1.255,-1.182,-1.094,-0.05945
344,0.08137,0.6481,0.02344,0.1152,0.417,-1.178,0.5459,0.4927,-1.191,-1.163,-1.141,-0.1894
345,0.08137,0.4513,0.007324,0.09733,0.2225,-0.7233,0.3498,0.2997,-0.6322,-0.6416,-0.6944,-0.2755
346,0.08137,0.09089,0.006307,0.09452,-0.1251,6.067e-05,-0.009519,-0.04557,0.1427,0.122,0.02407,-0.2779
347,0.08137,-0.2638,0.008478,0.09494,-0.4592,0.6447,-0.3599,-0.3786,0.7648,0.7625,0.6677,-0.1969
348,0.08137,-0.4387,0.0138,0.09869,-0.6238,0.9087,-0.538,-0.5448,0.9455,0.9817,0.9344,-0.0724
349,0.08137,-0.3724,0.01913,0.1027,-0.5466,0.6752,-0.4672,-0.4709,0.6101,0.6856,0.7087,0.03637
350,0.08137,-0.09122,0.01693,0.09925,-0.2713,0.06775,-0.1883,-0.2002,-0.06925,0.02755,0.1082,0.07913
351,0.07114,0.2561,0.01376,0.09491,0.06647,-0.6201,0.1598,0.1333,-0.7636,-0.6736,-0.5751,0.0379
352,0.07114,0.5055,-0.002738,0.0771,0.3059,-1.061,0.4089,0.37,-1.146,-1.088,-1.017,-0.06525
353,0.07114,0.5341,-0.01896,0.0594,0.3359,-1.054,0.4432,0.3995,-1.044,-1.026,-1.015,-0.1797
354,0.07114,0.3424,-0.03515,0.04155,0.1459,-0.6167,0.251,0.2112,-0.5165,-0.5303,-0.5838,-0.2506
355,0.07114,0.01271,-0.04057,0.03438,-0.168,0.03599,-0.07333,-0.1009,0.1769,0.1554,0.06411,-0.2453
356,0.07114,-0.2908,-0.03778,0.03546,-0.4558,0.5896,-0.3756,-0.3879,0.7047,0.7018,0.6176,-0.1676
357,0.07114,-0.4299,-0.02714,0.04458,-0.5837,0.7857,-0.5144,-0.5169,0.8243,0.8564,0.8174,-0.05554
358,0.07114,-0.3434,-0.01519,0.0552,-0.4957,0.5401,-0.4307,-0.4323,0.4894,0.5557,0.5783,0.03771
359,0.06091,-0.08785,-0.01564,0.05354,-0.2381,-0.01754,-0.1711,-0.1794,-0.1308,-0.04766,0.02527,0.06926
360,0.06091,0.2184,-0.02073,0.04726,0.06233,-0.6189,0.1369,0.1169,-0.7358,-0.6609,-0.5737,0.02625
361,0.06091,0.4267,-0.04198,0.02475,0.2623,-0.9801,0.3466,0.3146,-1.039,-0.9939,-0.9362,-0.06854
362,0.06091,0.4401,-0.05435,0.01093,0.2714,-0.9349,0.3599,0.3236,-0.9067,-0.8977,-0.8957,-0.1687
363,0.06091,0.2536,-0.06591,-0.002256,0.08897,-0.5172,0.1742,0.143,-0.4116,-0.4291,-0.4824,-0.2263
364,0.06091,-0.0401,-0.06689,-0.004896,-0.1934,0.0697,-0.1177,-0.1383,0.2061,0.1838,0.0992,-0.2147
365,0.06091,-0.3026,-0.05709,0.003297,-0.4405,0.5429,-0.3781,-0.3849,0.6507,0.6467,0.5718,-0.1409
366,0.06091,-0.4109,-0.05364,0.005289,-0.5365,0.684,-0.4849,-0.4825,0.7192,0.7469,0.7161,-0.04032
367,0.05068,-0.3192,-0.04802,0.009627,-0.4409,0.4342,-0.3919,-0.39,0.3901,0.4474,0.4713,0.03926
368,0.05068,-0.07913,-0.04683,0.009675,-0.2028,-0.07831,-0.1501,-0.1557,-0.1717,-0.1013,-0.03601,0.0616
369,0.05068,0.1963,-0.05038,0.00499,0.06254,-0.6038,0.1225,0.106,-0.6949,-0.6339,-0.5598,0.01812
370,0.05068,0.3689,-0.05948,-0.005359,0.2284,-0.8956,0.2962,0.2701,-0.9329,-0.8993,-0.8534,-0.06842
371,0.05068,0.3619,-0.0777,-0.02497,0.2205,-0.8207,0.2912,0.2619,-0.7801,-0.7788,-0.7836,-0.1556
372,0.05068,0.1807,-0.0853,-0.03409,0.04696,-0.4241,0.1135,0.08961,-0.3181,-0.3391,-0.3921,-0.2018
373,0.05068,-0.08207,-0.08471,-0.03507,-0.2067,0.09909,-0.1485,-0.1624,0.2289,0.2056,0.1283,-0.1857
374,0.04044,-0.3085,-0.07659,-0.02845,-0.418,0.5007,-0.3702,-0.3735,0.6018,0.5963,0.5295,-0.1159
375,0.04044,-0.3861,-0.0672,-0.02041,-0.4873,0.5959,-0.4494,-0.4445,0.6292,0.6524,0.6269,-0.02619
376,0.04044,-0.2893,-0.06679,-0.02116,-0.3861,0.3472,-0.3518,-0.3466,0.3087,0.3574,0.3822,0.04135
377,0.04044,-0.06464,-0.06594,-0.0214,-0.1668,-0.1202,-0.1277,-0.1306,-0.1981,-0.1395,-0.08076,0.05599
378,0.04044,0.175,-0.06963,-0.02617,0.0652,-0.5795,0.1128,0.09887,-0.6481,-0.5996,-0.5375,0.01278
379,0.04044,0.3169,-0.07867,-0.03637,0.2021,-0.8106,0.2553,0.2338,-0.8301,-0.807,-0.772,-0.06589
380,0.04044,0.2947,-0.08475,-0.04374,0.1809,-0.7137,0.2352,0.2128,-0.6645,-0.6699,-0.6793,-0.1416
381,0.04044,0.1239,-0.09762,-0.05803,0.01589,-0.3414,0.06717,0.04877,-0.2359,-0.2597,-0.3121,-0.178
382,0.03021,-0.1131,-0.09848,-0.06033,-0.2103,0.125,-0.1669,-0.1762,0.247,0.2229,0.1513,-0.1586
383,0.03021,-0.3036,-0.09186,-0.05507,-0.3892,0.4632,-0.3558,-0.3546,0.5553,0.5484,0.4905,-0.09321
384,0.03021,-0.3607,-0.07954,-0.04396,-0.4376,0.5184,-0.4107,-0.4046,0.5509,0.5697,0.5484,-0.01339
385,0.03021,-0.2588,-0.06806,-0.03354,-0.3355,0.2722,-0.3104,-0.3051,0.243,0.2837,0.3059,0.04344
386,0.03021,-0.0546,-0.07047,-0.03694,-0.1331,-0.1496,-0.106,-0.1062,-0.2146,-0.1665,-0.1136,0.05166
387,0.03021,0.1543,-0.0776,-0.04504,0.07086,-0.5455,0.1044,0.09504,-0.6005,-0.563,-0.5089,0.009161
388,0.03021,0.2707,-0.08968,-0.05818,0.1813,-0.7279,0.2215,0.2044,-0.7341,-0.7199,-0.6934,-0.06215
389,0.03021,0.2384,-0.09776,-0.06745,0.1497,-0.6159,0.1917,0.1733,-0.559,-0.5698,-0.5845,-0.1275
390,0.01998,0.07801,-0.09726,-0.06822,-0.005388,-0.2687,0.03328,0.01944,-0.1642,-0.1903,-0.2413,-0.1556
391,0.01998,-0.1333,-0.09439,-0.06664,-0.2068,0.1446,-0.1758,-0.1812,0.2596,0.2348,0.169,-0.1338
392,0.01998,-0.293,-0.08842,-0.06186,-0.3572,0.4298,-0.3362,-0.3319,0.5122,0.5039,0.4531,-0.07306
393,0.01998,-0.3295,-0.08793,-0.06244,-0.3874,0.4538,-0.3726,-0.3633,0.4807,0.4957,0.4802,-0.002515
394,0.01998,-0.2276,-0.08416,-0.0596,-0.2858,0.2136,-0.2705,-0.264,0.1887,0.2223,0.2438,0.04495
395,0.01998,-0.0388,-0.0773,-0.05361,-0.1023,-0.1701,-0.08266,-0.08289,-0.2203,-0.1816,-0.1363,0.04799
396,0.01998,0.1394,-0.07846,-0.05562,0.07549,-0.5109,0.1003,0.0925,-0.5499,-0.5219,-0.4772,0.006854
397,0.01998,0.2303,-0.07825,-0.05635,0.1642,-0.6497,0.1931,0.18,-0.6453,-0.6386,-0.619,-0.05759
398,0.01998,0.1929,-0.09032,-0.06945,0.1251,-0.526,0.1546,0.141,-0.4671,-0.4821,-0.4995,-0.1138
399,0.01998,0.04299,-0.09632,-0.07656,-0.01799,-0.2007,0.006957,-0.001515,-0.1049,-0.1322,-0.18,-0.1351
400,0.01998,-0.1426,-0.09495,-0.07629,-0.1957,0.1638,-0.1776,-0.1779,0.2664,0.2416,0.1837,-0.1119
401,0.009749,-0.2765,-0.09141,-0.07378,-0.3219,0.3995,-0.3099,-0.3042,0.474,0.4647,0.4194,-0.05555
402,0.009749,-0.2975,-0.0767,-0.05999,-0.337,0.3994,-0.3302,-0.3207,0.4231,0.4345,0.4212,0.006769
403,0.009749,-0.1957,-0.07154,-0.05559,-0.2362,0.17,-0.2312,-0.2221,0.1458,0.1728,0.1948,0.04624
404,0.009749,-0.02731,-0.07035,-0.05511,-0.06963,-0.1739,-0.06073,-0.05829,-0.2187,-0.1885,-0.1478,0.04521
405,0.009749,0.1305,-0.07572,-0.0612,0.08386,-0.4667,0.09823,0.09342,-0.4974,-0.4778,-0.4404,0.005814
406,0.009749,0.201,-0.08717,-0.07345,0.1539,-0.5693,0.1717,0.1627,-0.5599,-0.5597,-0.5455,-0.05193
407,0.009749,0.1586,-0.08866,-0.0758,0.1091,-0.4396,0.1281,0.1185,-0.3808,-0.3995,-0.4191,-0.09986
408,0.009749,0.01906,-0.08754,-0.07561,-0.02552,-0.1439,-0.008794,-0.01493,-0.05011,-0.07871,-0.1259,-0.1152
409,0.009749,-0.1459,-0.08523,-0.07423,-0.1818,0.1791,-0.1726,-0.1709,0.2723,0.2471,0.1935,-0.09103
410,0.009749,-0.2593,-0.07956,-0.06938,-0.2857,0.3738,-0.2847,-0.275,0.4361,0.4256,0.3883,-0.03939
411,0.009749,-0.2649,-0.07865,-0.06921,-0.2901,0.3517,-0.2916,-0.2805,0.3707,0.3786,0.3689,0.01525
412,0.009749,-0.1681,-0.07427,-0.06547,-0.1932,0.1321,-0.1934,-0.1854,0.1123,0.1336,0.1522,0.04749
413,0.009749,-0.01502,-0.07029,-0.06207,-0.04234,-0.1765,-0.03989,-0.03635,-0.2129,-0.1899,-0.1539,0.0432
414,-0.0004827,0.1224,-0.07039,-0.06276,0.08986,-0.4261,0.09743,0.09419,-0.4472,-0.4346,-0.4041,0.005738
415,-0.0004827,0.1777,-0.06938,-0.06241,0.1426,-0.4997,0.1541,0.1463,-0.4829,-0.4878,-0.4806,-0.04604
416,-0.0004827,0.1252,-0.07702,-0.07076,0.09518,-0.3655,0.1053,0.0991,-0.3083,-0.3296,-0.3501,-0.08692
417,-0.0004827,0.001104,-0.08226,-0.07675,-0.0275,-0.09148,-0.02154,-0.02295,-0.008801,-0.03772,-0.08007,-0.09756
418,-0.0004827,-0.1432,-0.08013,-0.07537,-0.1658,0.188,-0.164,-0.1602,0.2722,0.2475,0.199,-0.07329
419,-0.0004827,-0.2361,-0.079,-0.0749,-0.2519,0.3452,-0.2548,-0.2463,0.4025,0.3914,0.357,-0.02604
420,-0.0004827,-0.2366,-0.06511,-0.06157,-0.2458,0.3095,-0.2528,-0.2412,0.3251,0.3303,0.3233,0.02166
421,-0.0004827,-0.1397,-0.06173,-0.05866,-0.1534,0.1011,-0.1597,-0.1505,0.08339,0.09964,0.1179,0.04776
422,-0.0004827,-0.002058,-0.06266,-0.06002,-0.01868,-0.1737,-0.02115,-0.01775,-0.2037,-0.1868,-0.1566,0.04082
423,-0.0004827,0.1098,-0.0656,-0.0634,0.09456,-0.3855,0.09562,0.09452,-0.4008,-0.3939,-0.368,0.00533
424,-0.0004827,0.1548,-0.0709,-0.06919,0.1336,-0.4349,0.1381,0.1334,-0.4149,-0.4236,-0.4193,-0.04086
425,-0.0004827,0.1025,-0.07032,-0.06917,0.0828,-0.3021,0.08836,0.08303,-0.244,-0.2667,-0.2898,-0.07551
426,-0.0004827,-0.01634,-0.06986,-0.0693,-0.02993,-0.05318,-0.02862,-0.02885,0.02552,-0.00303,-0.04339,-0.08222
427,-0.0004827,-0.1401,-0.06776,-0.06777,-0.1499,0.192,-0.1544,-0.1483,0.2663,0.2425,0.2002,-0.05833
428,-0.0004827,-0.2174,-0.06432,-0.06484,-0.2203,0.3174,-0.2285,-0.2188,0.3666,0.3556,0.3263,-0.01556
429,-0.0004827,-0.2076,-0.06044,-0.06137,-0.2073,0.2696,-0.2178,-0.2067,0.2823,0.2857,0.2805,0.0257
430,-0.0004827,-0.1158,-0.05717,-0.05844,-0.1187,0.07606,-0.129,-0.1196,0.05839,0.07097,0.08878,0.04639
431,-0.0004827,0.006633,-0.05384,-0.05542,0.001446,-0.17,-0.004649,-0.0006164,-0.1943,-0.182,-0.1552,0.0375
432,-0.0004827,0.1032,-0.05266,-0.05457,0.09724,-0.3482,0.09569,0.09412,-0.3564,-0.3537,-0.3343,0.004254
433,-0.0004827,0.1331,-0.05292,-0.0552,0.1256,-0.3757,0.1253,0.1223,-0.3542,-0.3655,-0.364,-0.03685
434,-0.0004827,0.08099,-0.06043,-0.06314,0.07464,-0.2441,0.07346,0.07171,-0.1912,-0.2144,-0.2355,-0.06597
435,-0.0004827,-0.02735,-0.05983,-0.06301,-0.02875,-0.01825,-0.03218,-0.03102,0.05268,0.02516,-0.01252,-0.0695
436,-0.0004827,-0.1355,-0.05806,-0.06168,-0.1335,0.1935,-0.1413,-0.1349,0.2593,0.2368,0.1988,-0.04618
437,-0.0004827,-0.1973,-0.05665,-0.06064,-0.189,0.2938,-0.2011,-0.1906,0.334,0.3232,0.2993,-0.00744
438,-0.0004827,-0.1771,-0.05041,-0.05471,-0.1709,0.2363,-0.1842,-0.1733,0.2455,0.2474,0.2443,0.02824
439,-0.0004827,-0.09536,-0.05024,-0.05478,-0.0886,0.05476,-0.1001,-0.09211,0.04001,0.04939,0.06473,0.04444
440,-0.01071,0.01696,-0.04403,-0.04879,0.01835,-0.1622,0.009934,0.01384,-0.1826,-0.1742,-0.1509,0.03415
441,-0.01071,0.09837,-0.04561,-0.05061,0.09878,-0.312,0.09419,0.09366,-0.3161,-0.3168,-0.3008,0.003205
442,-0.01071,0.1181,-0.04303,-0.0483,0.1171,-0.3227,0.1143,0.1116,-0.2996,-0.3127,-0.3148,-0.03321
443,-0.01071,0.06616,-0.04527,-0.05084,0.06649,-0.1948,0.06207,0.06142,-0.1454,-0.1686,-0.1894,-0.05757
444,-0.01071,-0.03181,-0.05003,-0.05593,-0.02675,0.009947,-0.03398,-0.03111,0.07257,0.04637,0.01277,-0.05851
445,-0.01071,-0.1245,-0.0487,-0.05491,-0.1176,0.1916,-0.1277,-0.1211,0.2495,0.2286,0.1946,-0.03608
446,-0.01071,-0.1709,-0.04868,-0.05512,-0.1615,0.2686,-0.1748,-0.1652,0.3034,0.2931,0.2722,-0.001191
447,-0.01071,-0.1507,-0.03875,-0.04535,-0.1393,0.2064,-0.1539,-0.1435,0.2124,0.2131,0.2118,0.02946
448,-0.01071,-0.0741,-0.03464,-0.04135,-0.06322,0.03696,-0.07583,-0.06825,0.02409,0.0309,0.04506,0.04182
449,-0.01071,0.02281,-0.03455,-0.04135,0.03138,-0.153,0.02155,0.0249,-0.1702,-0.1649,-0.1455,0.03058
450,-0.01071,0.09395,-0.03538,-0.04227,0.09954,-0.2755,0.09135,0.09254,-0.2795,-0.2826,-0.2686,0.001873
451,-0.01071,0.1035,-0.04275,-0.04979,0.1094,-0.2751,0.1037,0.1027,-0.2521,-0.2663,-0.2693,-0.03016
452,-0.01071,0.05161,-0.04148,-0.0487,0.05857,-0.1534,0.05399,0.05256,-0.1052,-0.1278,-0.15,-0.05026
453,-0.01071,-0.03608,-0.04135,-0.04877,-0.02575,0.02976,-0.03396,-0.03101,0.08762,0.06306,0.03178,-0.04914
454,-0.01071,-0.1185,-0.03853,-0.04612,-0.1034,0.1871,-0.116,-0.1083,0.2361,0.2168,0.1879,-0.02779
455,-0.01071,-0.1546,-0.03399,-0.04169,-0.1386,0.2428,-0.1526,-0.1435,0.2722,0.2628,0.245,0.003288
456,-0.01071,-0.1292,-0.03387,-0.04163,-0.1141,0.1768,-0.1284,-0.1195,0.181,0.1813,0.1804,0.02933
457,-0.01071,-0.05772,-0.02818,-0.03594,-0.042,0.0236,-0.05643,-0.04834,0.008719,0.01393,0.02845,0.03827
458,-0.01071,0.02902,-0.02741,-0.03516,0.04091,-0.1451,0.03006,0.03398,-0.1598,-0.1566,-0.1387,0.02646
459,-0.01071,0.08488,-0.02655,-0.03431,0.09688,-0.2457,0.08997,0.08936,-0.2453,-0.2498,-0.2409,4.714e-05
460,-0.01071,0.08942,-0.02782,-0.03563,0.1018,-0.2326,0.09435,0.09432,-0.2116,-0.2259,-0.2299,-0.02809
461,-0.01071,0.04276,-0.03126,-0.03915,0.05365,-0.1162,0.04498,0.04677,-0.07512,-0.09651,-0.1151,-0.04452
462,-0.01071,-0.03965,-0.03307,-0.04105,-0.02374,0.0467,-0.03266,-0.02992,0.0978,0.07529,0.04597,-0.04182
463,-0.01071,-0.1066,-0.03329,-0.04134,-0.09088,0.1793,-0.103,-0.09645,0.2227,0.2054,0.1791,-0.02164
464,-0.0004827,-0.1375,-0.03202,-0.04009,-0.1167,0.2209,-0.1321,-0.1222,0.2431,0.2347,0.2214,0.006115
465,-0.0004827,-0.112,-0.02291,-0.03096,-0.09161,0.1511,-0.1056,-0.0974,0.1537,0.1537,0.154,0.0282
466,-0.0004827,-0.04547,-0.01924,-0.02723,-0.02681,0.009083,-0.03869,-0.03343,-0.002101,0.001866,0.01302,0.03441
467,-0.0004827,0.0312,-0.01956,-0.0275,0.0478,-0.1347,0.03588,0.0401,-0.1497,-0.148,-0.1317,0.02225
468,-0.0004827,0.07703,-0.0219,-0.02981,0.09441,-0.217,0.08492,0.0867,-0.2179,-0.2233,-0.214,-0.002025
469,-0.0004827,0.08184,-0.02781,-0.03573,0.09223,-0.1991,0.08683,0.08496,-0.1759,-0.1898,-0.197,-0.02661
470,-0.0004827,0.03544,-0.0248,-0.03278,0.04657,-0.0883,0.03973,0.03976,-0.04906,-0.06893,-0.08843,-0.03998
471,-0.0004827,-0.03646,-0.02383,-0.03187,-0.02108,0.05817,-0.03193,-0.02718,0.1015,0.08114,0.05712,-0.03604
472,-0.0004827,-0.09796,-0.02445,-0.03255,-0.07953,0.1699,-0.09105,-0.08529,0.2071,0.1918,0.1685,-0.01715
473,-0.0004827,-0.1183,-0.01969,-0.0278,-0.09949,0.1969,-0.112,-0.1052,0.2167,0.2095,0.1965,0.007416
474,-0.0004827,-0.09258,-0.01942,-0.02751,-0.07156,0.1296,-0.08587,-0.07765,0.1282,0.1282,0.1309,0.02602
475,-0.0004827,-0.03099,-0.0155,-0.02355,-0.0118,0.0007441,-0.02397,-0.01852,-0.0118,-0.008778,0.002807,0.03003
476,-0.0004827,0.03564,-0.01333,-0.02132,0.05139,-0.128,0.04308,0.04434,-0.1371,-0.1365,-0.1248,0.01795
477,-0.0004827,0.07656,-0.013,-0.02097,0.09038,-0.1915,0.08296,0.08286,-0.19,-0.1961,-0.1902,-0.004085
478,-0.0004827,0.07133,-0.01397,-0.02196,0.08626,-0.1652,0.07865,0.07893,-0.1463,-0.16,-0.1654,-0.02547
479,-0.0004827,0.03025,-0.01876,-0.02678,0.04182,-0.06313,0.03479,0.03511,-0.02796,-0.04653,-0.06487,-0.03609
480,-0.0004827,-0.03634,-0.02005,-0.02814,-0.01938,0.06643,-0.02782,-0.02551,0.1061,0.08757,0.06369,-0.03125
481,-0.0004827,-0.08745,-0.01897,-0.0271,-0.06813,0.1609,-0.07926,-0.07357,0.1924,0.1786,0.1591,-0.01356
482,-0.0004827,-0.1026,-0.01885,-0.02699,-0.08223,0.1773,-0.09399,-0.0877,0.1932,0.1866,0.1761,0.008313
483,-0.01071,-0.07163,-0.008497,-0.01662,-0.05576,0.109,-0.06661,-0.06144,0.1093,0.1089,0.1097,0.02395
484,-0.01071,-0.0151,-0.005113,-0.01318,-0.001305,-0.007705,-0.0113,-0.007573,-0.01786,-0.01599,-0.00616,0.02621
485,-0.01071,0.0413,-0.005563,-0.01357,0.05528,-0.1158,0.04617,0.0481,-0.1262,-0.1269,-0.1158,0.01434
486,-0.01071,0.07198,-0.01006,-0.01802,0.08628,-0.168,0.07899,0.07918,-0.1654,-0.1722,-0.1678,-0.005657
487,-0.01071,0.06674,-0.01543,-0.02338,0.07822,-0.1386,0.07309,0.07169,-0.1181,-0.1315,-0.1392,-0.02409
488,-0.01071,0.02562,-0.01007,-0.01804,0.03683,-0.04359,0.03146,0.03096,-0.00974,-0.0272,-0.04509,-0.03237
489,-0.01071,-0.03082,-0.006809,-0.01477,-0.01715,0.07167,-0.02538,-0.02272,0.1071,0.09003,0.06867,-0.02681
490,-0.0004827,-0.07691,-0.00413,-0.01207,-0.05825,0.1521,-0.06914,-0.06385,0.178,0.1656,0.1482,-0.01045
491,-0.0004827,-0.08705,-0.006979,-0.01487,-0.06723,0.1605,-0.07934,-0.07292,0.171,0.165,0.157,0.008825
492,-0.0004827,-0.05616,-0.006907,-0.01473,-0.04026,0.09482,-0.05166,-0.04601,0.09179,0.09105,0.09335,0.0219
493,-0.0004827,-0.004826,-0.0067,-0.01443,0.009203,-0.01061,-0.0001836,0.002964,-0.0206,-0.01973,-0.01145,0.02284
494,-0.0004827,0.04642,-0.003835,-0.01148,0.05798,-0.1049,0.05012,0.05134,-0.1126,-0.1145,-0.1058,0.01153
495,-0.0004827,0.07198,-0.007072,-0.01466,0.08225,-0.1454,0.07595,0.07578,-0.1413,-0.1487,-0.1465,-0.006339
496,-0.0004827,0.06165,-0.00592,-0.01349,0.07148,-0.1135,0.06663,0.06536,-0.09377,-0.107,-0.1157,-0.02216
497,-0.0004827,0.0206,-0.006486,-0.01406,0.03201,-0.02632,0.02655,0.02643,0.004125,-0.01233,-0.02935,-0.02855
498,-0.0004827,-0.03062,-0.006359,-0.01393,-0.01612,0.07517,-0.02406,-0.02131,0.1056,0.08995,0.07092,-0.02268
499,-0.0004827,-0.06636,-0.00691,-0.01448,-0.05123,0.1398,-0.06044,-0.05608,0.1631,0.1519,0.1364,-0.007713
500,-0.0004827,-0.07131,-0.004271,-0.01181,-0.05658,0.1403,-0.0657,-0.06132,0.1508,0.1454,0.1377,0.009165
501,-0.0004827,-0.04551,0.0004167,-0.007056,-0.02975,0.07764,-0.0388,-0.03472,0.07529,0.07438,0.07631,0.01984
502,-0.0004827,0.0007413,0.000624,-0.006774,0.01589,-0.01613,0.007369,0.01021,-0.02555,-0.02536,-0.01752,0.01952
503,-0.0004827,0.04692,0.0004829,-0.006848,0.05769,-0.09745,0.05108,0.05188,-0.1034,-0.1058,-0.09869,0.008529
504,-0.0004827,0.0674,-0.0003045,-0.007586,0.07629,-0.1285,0.07189,0.07071,-0.1222,-0.1298,-0.1295,-0.007575
505,-0.0004827,0.05712,0.0006758,-0.006579,0.06445,-0.09397,0.06057,0.05912,-0.07471,-0.08731,-0.09616,-0.02119
506,-0.0004827,0.01614,-0.0008081,-0.00806,0.02873,-0.01173,0.02297,0.02362,0.01439,-0.0007859,-0.01596,-0.02592
507,-0.0004827,-0.02478,-0.001461,-0.008707,-0.01402,0.07626,-0.02133,-0.01865,0.1031,0.089,0.07208,-0.01982
508,-0.0004827,-0.05539,-0.0001555,-0.007378,-0.04359,0.1298,-0.05114,-0.04793,0.1498,0.1398,0.1256,-0.006001
509,-0.0004827,-0.06032,0.001457,-0.005718,-0.04478,0.1254,-0.05346,-0.04932,0.1329,0.1279,0.1218,0.008772
510,-0.0004827,-0.03451,0.0006649,-0.006443,-0.01864,0.06604,-0.02767,-0.02334,0.06185,0.06069,0.06345,0.01756
511,-0.0004827,0.01173,-0.0002985,-0.007327,0.02109,-0.01998,0.01468,0.01632,-0.02691,-0.02743,-0.02128,0.01636
512,-0.0004827,0.04765,0.0004075,-0.00655,0.0563,-0.09015,0.05221,0.05126,-0.0923,-0.09548,-0.0914,0.005979
513,-0.0004827,0.06301,0.00557,-0.001338,0.0708,-0.1117,0.06691,0.06604,-0.1048,-0.1125,-0.1131,-0.008456
514,-0.0004827,0.04762,0.006717,-0.000159,0.05727,-0.07693,0.0538,0.05276,-0.05868,-0.07076,-0.07933,-0.02007
515,-0.0004827,0.01687,0.0065,-0.0003581,0.02387,-0.001974,0.01967,0.01932,0.02267,0.008659,-0.0065,-0.02352
516,-0.0004827,-0.02404,0.005152,-0.001687,-0.01277,0.07605,-0.01976,-0.01691,0.09865,0.08592,0.07113,-0.0174
517,-0.0004827,-0.04952,0.004707,-0.002097,-0.03598,0.1202,-0.0439,-0.03994,0.1356,0.1266,0.1155,-0.00479
518,-0.0004827,-0.04424,0.007039,0.0002986,-0.03498,0.1109,-0.042,-0.03906,0.1169,0.1124,0.1067,0.008099
519,-0.0004827,-0.02358,0.006232,-0.0004278,-0.009103,0.05603,-0.01702,-0.01363,0.05125,0.04985,0.05203,0.01526
520,-0.0004827,0.01751,0.0056,-0.0009745,0.02748,-0.01951,0.02012,0.02286,-0.02772,-0.02892,-0.02234,0.01344
521,-0.0004827,0.04829,0.005449,-0.001045,0.05638,-0.07967,0.05259,0.05178,-0.08132,-0.08518,-0.08232,0.003799
522,-0.0004827,0.05851,0.006363,-6.637e-05,0.06635,-0.09464,0.06358,0.06176,-0.08668,-0.0947,-0.09767,-0.008968
523,-0.0004827,0.04311,0.006321,-6.724e-05,0.05297,-0.05821,0.04831,0.04861,-0.04301,-0.05473,-0.06246,-0.01867
524,-0.0004827,0.01237,0.005742,-0.0006176,0.02134,0.008087,0.01693,0.01748,0.03028,0.01709,0.003641,-0.02086
525,-0.0004827,-0.01834,0.005644,-0.0006787,-0.01228,0.07394,-0.01645,-0.01587,0.09662,0.08485,0.06905,-0.01468
526,-0.0004827,-0.04386,0.006656,0.0003845,-0.0303,0.1102,-0.03727,-0.03382,0.1234,0.1152,0.1052,-0.003276
527,-0.0004827,-0.0386,0.005488,-0.0007165,-0.02667,0.0977,-0.03445,-0.03021,0.1007,0.09644,0.09341,0.007852
528,-0.0004827,-0.01288,0.005535,-0.0005821,-0.004084,0.04313,-0.009168,-0.007638,0.0413,0.03963,0.04025,0.01343
529,-0.0004827,0.01791,0.006261,0.0002394,0.02813,-0.02405,0.02402,0.0244,-0.02824,-0.02994,-0.02642,0.01095
530,-0.0004827,0.04865,0.008414,0.002476,0.05417,-0.07267,0.04992,0.05033,-0.07424,-0.07845,-0.07507,0.001809
531,-0.0004827,0.05373,0.01199,0.006118,0.06011,-0.08265,0.05789,0.05647,-0.07422,-0.08212,-0.08526,-0.009582
532,-0.0004827,0.0383,0.01252,0.006714,0.04547,-0.04771,0.0436,0.04191,-0.03068,-0.04167,-0.05151,-0.01781
533,-0.0004827,0.007537,0.01204,0.006284,0.01865,0.01561,0.01369,0.0151,0.03368,0.02168,0.01012,-0.01913
534,-0.0004827,-0.01805,0.01071,0.005006,-0.009411,0.07324,-0.01543,-0.01268,0.09009,0.07956,0.06785,-0.01307
535,-0.0004827,-0.03335,0.01191,0.006279,-0.02486,0.1001,-0.02997,-0.02808,0.1122,0.1049,0.09472,-0.002733
536,-0.0004827,-0.02814,0.012,0.006473,-0.01889,0.08613,-0.02537,-0.02223,0.08832,0.08445,0.08118,0.006891
537,-0.0004827,-0.00756,0.01095,0.005523,0.004332,0.03823,-0.003,0.0006741,0.03237,0.03049,0.0335,0.0113
538,-0.0004827,0.02322,0.01166,0.006352,0.03193,-0.02231,0.02738,0.0282,-0.02698,-0.02919,-0.0262,0.00855
539,-0.0004827,0.04368,0.01187,0.006662,0.05282,-0.0632,0.0498,0.04898,-0.06336,-0.068,-0.06748,0.0001567
540,-0.0004827,0.04875,0.0111,0.005992,0.05764,-0.06632,0.05354,0.05382,-0.06062,-0.0686,-0.07097,-0.009771
541,-0.0004827,0.03332,0.01118,0.006144,0.04279,-0.03254,0.03904,0.03923,-0.01911,-0.02973,-0.03797,-0.01646
542,-0.0004827,0.007661,0.01064,0.005681,0.01638,0.0214,0.01323,0.01312,0.03998,0.02866,0.01565,-0.01688
543,-0.0004827,-0.01795,0.01073,0.005845,-0.007579,0.07163,-0.01272,-0.01067,0.08678,0.07697,0.06544,-0.01094
544,-0.0004827,-0.02815,0.01035,0.005561,-0.01887,0.09289,-0.02548,-0.02191,0.1009,0.09404,0.08681,-0.001632
545,-0.0004827,-0.02296,0.01047,0.00579,-0.01332,0.07476,-0.01875,-0.01637,0.07708,0.07324,0.06959,0.006574
546,-0.0004827,-0.002433,0.01038,0.005822,0.007393,0.02923,0.002648,0.004219,0.02617,0.02397,0.02458,0.009824
547,-0.0004827,0.02319,0.01058,0.006143,0.033,-0.02249,0.0282,0.02967,-0.02715,-0.0298,-0.02658,0.006731
548,-0.0004827,0.04364,0.01061,0.006288,0.05012,-0.05689,0.04694,0.04682,-0.05633,-0.06123,-0.06087,-0.0011
549,-0.0004827,0.04355,0.01069,0.006474,0.05134,-0.05772,0.04959,0.04825,-0.04919,-0.05701,-0.06189,-0.009876
550,-0.0004827,0.03322,0.01022,0.006097,0.03732,-0.02468,0.03466,0.03444,-0.01086,-0.02087,-0.02931,-0.01544
551,-0.0004827,0.007555,0.01048,0.006442,0.01405,0.02466,0.01041,0.01142,0.04066,0.03026,0.01942,-0.01529
552,-0.0004827,-0.01296,0.009948,0.005997,-0.007609,0.06578,-0.01123,-0.009988,0.08082,0.07197,0.06072,-0.009693
553,-0.0004827,-0.02319,0.01036,0.006519,-0.01666,0.08083,-0.02099,-0.01898,0.08983,0.08373,0.07615,-0.001466
554,-0.0004827,-0.01803,0.009409,0.00568,-0.009412,0.06287,-0.01444,-0.01182,0.06448,0.06103,0.0588,0.005399
555,-0.0004827,0.00248,0.009899,0.006295,0.009429,0.02005,0.005517,0.006981,0.01824,0.01613,0.01679,0.007637
556,-0.0004827,0.02294,0.009398,0.005924,0.03102,-0.02617,0.02869,0.02857,-0.02731,-0.02996,-0.02884,0.004264
557,-0.0004827,0.03825,0.00976,0.006407,0.04558,-0.0533,0.04358,0.04313,-0.05122,-0.05593,-0.05618,-0.003045
558,-0.0004827,0.03816,0.009723,0.006475,0.04563,-0.05072,0.04388,0.04336,-0.04226,-0.04952,-0.05365,-0.01081
559,-0.0004827,0.02782,0.009119,0.005968,0.03121,-0.02011,0.03004,0.02924,-0.005542,-0.01458,-0.02337,-0.01542
560,-0.0004827,0.002143,0.008768,0.005711,0.01008,0.02371,0.008235,0.008315,0.03999,0.03081,0.02015,-0.01487
561,-0.0004827,-0.01325,0.009162,0.006202,-0.007817,0.05947,-0.01106,-0.009428,0.0727,0.06506,0.05583,-0.009624
562,-0.0004827,-0.02348,0.009291,0.006439,-0.01488,0.06955,-0.0183,-0.01642,0.07786,0.07275,0.06632,-0.002369
563,-0.0004827,-0.01322,0.00898,0.006251,-0.007871,0.0502,-0.01071,-0.009378,0.05326,0.05046,0.04773,0.003337
